{
    "esx.problem.clock.correction.adjtime.sync": "时钟同步修正问题",
    "esx.problem.iorm.nonviworkload": "非VI工作负载问题",
    "esx.problem.net.vmnic.linkstate.down": "网络接口链路状态断开问题",
    "esx.problem.scratch.partition.size.small": "暂存分区空间不足问题",
    "esx.problem.scsi.device.state.permanentloss": "SCSI设备永久丢失",
    "esx.problem.scsi.device.state.permanentloss.noopens": "SCSI设备永久丢失且无打开操作",
    "esx.problem.storage.redundancy.degraded": "存储冗余降级问题",
    "esx.problem.vmfs.heartbeat.recovered": "VMFS心跳恢复问题",
    "esx.problem.vmfs.heartbeat.timedout": "VMFS心跳超时问题",
    "esx.problem.vmfs.nfs.server.restored": "VMFS NFS服务器恢复问题",
    "vob.scsi.device.state.permanentloss": "SCSI设备永久丢失",
    "vob.scsi.device.state.permanentloss.noopens": "SCSI设备永久丢失且无打开操作",
    "vob.scsi.scsipath.pathstate.dead": "SCSI路径状态死亡"
}